"rgn_id","pressure_score"
1,0.473045
3,0.473045
2,0.473045
4,0.473045
