"rgn_id","pressure_score"
1,0.20785158292187
3,0.20785158292187
2,0.20785158292187
4,0.20785158292187
