"rgn_id","pressure_score"
1,0.295349154086338
3,0.295349154086338
2,0.295349154086338
4,0.295349154086338
