"rgn_id","pressure_score"
1,0.889450192553595
3,0.889450192553595
2,0.889450192553595
4,0.889450192553595
