"rgn_id","habitat","km2"
1,"saltmarsh",0.248653147257999
3,"saltmarsh",92.6215346537715
2,"saltmarsh",72.1769439049794
4,"saltmarsh",118.402868293991
