"rgn_id","trend"
1,-0.00738226236100596
3,-0.00738226236100596
2,-0.00738226236100596
4,-0.00738226236100596
