"rgn_id","trend.score"
1,-0.00589363866881492
3,-0.00589363866881492
2,-0.00589363866881492
4,-0.00589363866881492
