"rgn_id","trend"
1,-0.00475886654895521
3,-0.00475886654895521
2,-0.00475886654895521
4,-0.00475886654895521
