"rgn_id","trend.score"
1,"0.0421204372856255"
3,"0.0421204372856255"
2,"0.0421204372856255"
4,"0.0421204372856255"
