"rgn_id","saup_id","prop_area"
1,276,0.000168057604809573
3,276,0.210120011976619
2,276,0.407587366807647
4,276,0.382124563610925
