"rgn_id","resilience.score"
1,0.765761348605114
3,0.765761348605114
2,0.765761348605114
4,0.765761348605114
