"rgn_id","resilience.score"
1,0.835015131473485
3,0.835015131473485
2,0.835015131473485
4,0.835015131473485
