"rgn_id","resilience.score"
1,0.837515151515152
3,0.837515151515152
2,0.837515151515152
4,0.837515151515152
