"rgn_id","pressure_score"
1,0.250803003477932
3,0.250803003477932
2,0.250803003477932
4,0.250803003477932
