"rgn_id","pressure_score"
1,0.133622123019652
3,0.133622123019652
2,0.133622123019652
4,0.133622123019652
