"rgn_id","pressure_score"
1,0.17762925801187
3,0.17762925801187
2,0.17762925801187
4,0.17762925801187
