"rgn_id","w_fis"
1,0.34566769840215
3,0.34566769840215
2,0.34566769840215
4,0.34566769840215
