"rgn_id","resilience.score"
1,0.977272727272728
3,0.977272727272728
2,0.977272727272728
4,0.977272727272728
