"rgn_id","pressure_score"
1,0.148432
3,0.148432
2,0.148432
4,0.148432
