"rgn_id","pressure_score"
1,0.0332748890560319
2,0.0411512910035154
3,0.0237987665815605
4,0.0502070533588921
