"rgn_id","pressures.score"
1,0.046201894
3,0.046201894
2,0.046201894
4,0.046201894
