"cntry_key","sector","year","value"
"DEU","cf",2003,3181.402
"DEU","cf",2004,3088.064
"DEU","cf",2005,2948.057
"DEU","cf",2006,2781.156
"DEU","cf",2007,2590.525
"DEU","cf",2008,2510.634
"DEU","mmw",1998,0
"DEU","mmw",2008,0
"DEU","tour",2005,238483.556131
"DEU","tour",2006,239789.333911
"DEU","tour",2007,232705.778339
"DEU","tour",2008,232405.333894
"DEU","tour",2009,244561.778367
"DEU","tour",2010,233318.222785
