"cntry_key","sector","value"
"DEU","cf",30993.172409188
"DEU","ph",52334.8635594729
"DEU","sb",43592.5758992165
"DEU","tour",133928.429932336
"DEU","tran",219724.158653846
