"cntry_key","sector","value"
"DEU","cf",21386.1553485577
"DEU","ph",27080.7764645654
"DEU","sb",23282.8010928597
"DEU","tour",73963.1758035078
"DEU","tran",81183.1263354701
