"rgn_id","score"
1,0.787142857142857
3,0.787142857142857
2,0.787142857142857
4,0.787142857142857
