"rgn_id","resilience.score"
1,0.0536580019467
3,0.0536580019467
2,0.0536580019467
4,0.0536580019467
