"rgn_id","resilience.score"
1,0.73333333335
3,0.73333333335
2,0.73333333335
4,0.73333333335
