"rgn_id","pressure_score"
1,0.421725895601044
3,0.421725895601044
2,0.421725895601044
4,0.421725895601044
