"rgn_id","pressure_score"
1,0.231829199213023
3,0.231829199213023
2,0.231829199213023
4,0.231829199213023
