"rgn_id","pressure_score"
1,0.0580502
3,0.0580502
2,0.0580502
4,0.0580502
