"rgn_id","pressure_score"
1,0.235585
3,0.235585
2,0.235585
4,0.235585
