"rgn_id","pressure_score"
1,0.555530485288695
3,0.555530485288695
2,0.555530485288695
4,0.555530485288695
