"rgn_id","area_km2"
1,56155.8334652
3,56155.8334652
2,56155.8334652
4,56155.8334652
