"rgn_id","area_km2"
1,2089.6890963913
3,2089.6890963913
2,2089.6890963913
4,2089.6890963913
