"rgn_id","area_km2"
1,9880.83248042939
3,9880.83248042939
2,9880.83248042939
4,9880.83248042939
