"rgn_id","pressures.score"
1,0.014583931497204
3,0.014583931497204
2,0.014583931497204
4,0.014583931497204
