"rgn_id","pressures.score"
1,0.996002102
3,0.996002102
2,0.996002102
4,0.996002102
