"rgn_id","score"
1,0.865450933671928
3,0.865450933671928
2,0.865450933671928
4,0.865450933671928
