"rgn_id","score"
1,0.840840329085898
3,0.840840329085898
2,0.840840329085898
4,0.840840329085898
