"rgn_id","score"
1,-0.12001068790011
3,-0.12001068790011
2,-0.12001068790011
4,-0.12001068790011
