"rgn_id","score"
1,0.21056623265323
3,0.21056623265323
2,0.21056623265323
4,0.21056623265323
