"rgn_id","score"
1,0.78943376734677
3,0.78943376734677
2,0.78943376734677
4,0.78943376734677
